{
  "_meta": {
    "models": {
      "expenseTemplates": "Reusable templates for common store costs (e.g., Milk, Supplies).",
      "expenseFolders": "Grouping containers for organizing expense templates.",
      "expenseEntries": "Individual logs of costs recorded today."
    },
    "relationships": [
      "ExpenseEntries reference an ExpenseTemplate for categorization.",
      "ExpenseTemplates can optionally belong to an ExpenseFolder.",
      "ExpenseEntries are grouped by the current date."
    ]
  },
  "favorites": [
    { "id": "t1", "name": "Whole Milk", "icon": "milk", "taxRate": 0.10 },
    { "id": "t2", "name": "Oat Milk", "icon": "milk", "taxRate": 0.10 },
    { "id": "t3", "name": "Coffee Beans", "icon": "bean", "taxRate": 0.10 },
    { "id": "t4", "name": "Paper Cups", "icon": "cup", "taxRate": 0.21 },
    { "id": "t5", "name": "Pastry Delivery", "icon": "truck", "taxRate": 0.05 },
    { "id": "t6", "name": "Cleaning Supplies", "icon": "sparkles", "taxRate": 0.21 }
  ],
  "folders": [
    { "id": "f1", "name": "Dairy", "icon": "milk" },
    { "id": "f2", "name": "Packaging", "icon": "package" },
    { "id": "f3", "name": "Produce", "icon": "leaf" }
  ],
  "todayExpenses": [
    {
      "id": "e1",
      "templateId": "t1",
      "name": "Whole Milk (6L)",
      "amount": 12.50,
      "taxRate": 0.10,
      "note": "Fresh delivery from local dairy",
      "timestamp": "2026-01-18T08:30:00Z"
    },
    {
      "id": "e2",
      "templateId": "t5",
      "name": "Morning Pastries",
      "amount": 45.00,
      "taxRate": 0.05,
      "note": "Standard daily assortment",
      "timestamp": "2026-01-18T07:15:00Z"
    }
  ],
  "summary": {
    "subtotal": 57.50,
    "tax": 3.50,
    "total": 61.00
  }
}
