{
  "_meta": {
    "models": {
      "summaryWidgets": "Aggregated KPI cards for the selected period.",
      "sales": "Finalized records of customer transactions.",
      "expenses": "Historical records of store costs.",
      "auditEvents": "Logs of sensitive actions and system changes."
    },
    "relationships": [
      "Sales, Expenses, and AuditEvents are linked to the StaffUser who performed them.",
      "SummaryWidgets aggregate data from Sales and Expenses based on date filters."
    ]
  },
  "summary": [
    { "label": "Total Income", "value": 1240.50, "trend": "+12%", "type": "currency" },
    { "label": "Net Profit", "value": 850.25, "trend": "+5%", "type": "currency" },
    { "label": "Expenses", "value": 390.25, "trend": "-2%", "type": "currency" },
    { "label": "Refunds", "value": 45.00, "count": 2, "type": "negative" },
    { "label": "In Drawer", "value": 420.00, "type": "currency" },
    { "label": "Total Orders", "value": 84, "trend": "+18%", "type": "number" }
  ],
  "recentSales": [
    {
      "id": "s1",
      "orderNumber": "#401",
      "tableName": "Table 2",
      "total": 32.50,
      "timestamp": "2026-01-18T10:15:00Z",
      "processedBy": "Maria K.",
      "paymentMethod": "CARD_TAP",
      "items": [
        { "name": "Latte", "quantity": 2, "price": 9.50 },
        { "name": "Avocado Toast", "quantity": 2, "price": 23.00 }
      ]
    },
    {
      "id": "s2",
      "orderNumber": "#400",
      "tableName": "Takeaway",
      "total": 12.00,
      "timestamp": "2026-01-18T09:45:00Z",
      "processedBy": "John D.",
      "paymentMethod": "CASH",
      "isRefunded": true,
      "refundReason": "Wrong item ordered"
    }
  ],
  "recentExpenses": [
    {
      "id": "e101",
      "name": "Fresh Milk Delivery",
      "amount": 24.00,
      "timestamp": "2026-01-17T08:00:00Z",
      "loggedBy": "Maria K.",
      "category": "Dairy",
      "hasAudit": true
    },
    {
      "id": "e100",
      "name": "Electricity Bill",
      "amount": 150.00,
      "timestamp": "2026-01-15T14:30:00Z",
      "loggedBy": "System",
      "category": "Utilities"
    }
  ],
  "topItems": [
    { "name": "Latte", "value": 145, "revenue": 688.75 },
    { "name": "Cappuccino", "value": 92, "revenue": 414.00 },
    { "name": "Flat White", "value": 78, "revenue": 351.00 },
    { "name": "Croissant", "value": 45, "revenue": 157.50 }
  ],
  "hourlyIncome": [
    { "time": "08:00", "value": 120 },
    { "time": "09:00", "value": 250 },
    { "time": "10:00", "value": 410 },
    { "time": "11:00", "value": 320 },
    { "time": "12:00", "value": 180 }
  ]
}
